<beans xmlns="http://www.springframework.org/schema/beans"
    xmlns:jdbc="http://www.springframework.org/schema/jdbc" xmlns:xsi="http://www.w3.org/2001/XMLSchema-instance"
    xsi:schemaLocation="
		http://www.springframework.org/schema/beans 
		http://www.springframework.org/schema/beans/spring-beans-4.2.xsd
		http://www.springframework.org/schema/jdbc 
		http://www.springframework.org/schema/jdbc/spring-jdbc-4.2.xsd">

    <!-- connect to SQLite database -->
    <bean id="dataSource"
        class="org.springframework.jdbc.datasource.DriverManagerDataSource">
        <property name="driverClassName" value="org.sqlite.JDBC" />
        <property name="url" value="jdbc:sqlite:repository.sqlite" />
        <property name="username" value="" />
        <property name="password" value="" />
    </bean>

    <!-- create job-meta tables automatically -->
    <jdbc:initialize-database data-source="dataSource">
        <jdbc:script
            location="org/springframework/batch/core/schema-drop-sqlite.sql" />
        <jdbc:script location="org/springframework/batch/core/schema-sqlite.sql" />
    </jdbc:initialize-database>

    <!-- stored job-meta in memory -->
    <!-- <bean id="jobRepository" class="org.springframework.batch.core.repository.support.MapJobRepositoryFactoryBean"> 
        <property name="transactionManager" ref="transactionManager" /> </bean> -->

    <!-- stored job-meta in database -->
    <bean id="jobRepository"
        class="org.springframework.batch.core.repository.support.JobRepositoryFactoryBean">
        <property name="dataSource" ref="dataSource" />
        <property name="transactionManager" ref="transactionManager" />
        <property name="databaseType" value="sqlite" />
    </bean>

    <bean id="transactionManager"
        class="org.springframework.batch.support.transaction.ResourcelessTransactionManager" />

    <bean id="jobLauncher"
        class="org.springframework.batch.core.launch.support.SimpleJobLauncher">
        <property name="jobRepository" ref="jobRepository" />
    </bean>

</beans>