[
   {"tableHeader":["Manco","Guarantor","Fund_Code","ISIN","ID_Type","Share_Class","currency","CIC","EOS","Valuation_Frequency","RHP","Maturity_Date","Language","Other_Comment","KIID_URL","Launch_Date","Lump_Sum","Investment_Amount","Ongoing_costs_Portfolio_management_costs_03070","Reference_Date_00070","PRIIP_data_delivery_05010","UCITS_data_delivery_05020","DataSource","ErrorDescription","CreateDate"],
	"tablebody":["manco","guarantor","fundCode","isin","idType","shareClass","currency","cic","eos","valuationFrequency","rhp","maturityDate","language","otherComment","kiidUrl","launchDate","lumpSum","investmentAmount","ongoingCostsPortfolioManagementCosts03070","referenceDate00070","priipDataDelivery05010","ucitsDataDelivery05020","datasource","errorDescription","createdate"],
	"url":"rreptshareclasspagination", "tableName":"RREPT_SHARECLASS"},
   {"tableHeader":["ISIN","Reference_Date_00070","03010_One-off_cost_Portfolio_entry_cost","03015_One-off_cost_Portfolio_entry_cost_Acquired","03020_One-off_costs_Portfolio_exit_cost_at_RHP","03030_One-off_costs_Portfolio_exit_cost_at_1_year","03040_One-off_costs_Portfolio_exit_cost_at_half_RHP","03050_One-off_costs_Portfolio_sliding_exit_cost_Indicator","03060_Ongoing_costs_Portfolio_other_costs","03080_Ongoing_costs_Portfolio_transaction_costs","03095_Incidental_costs_Portfolio_performance_fees","03105_Incidental_costs_Portfolio_carried_interest","05050_Ongoing_costs_Portfolio_other_costs_UCITS","05060_Ongoing_costs_Portfolio_transaction_costs_UCITS","05065_Transactions_costs_methodology","05070_Incidental_costs_Portfolio_performance_fees_UCITS","05080_Incidental_costs_Portfolio_carried_interest_UCITS","Flag","DataSource","ErrorDescription","CreateDate"],
		"tablebody":["isin","reference_date_00070","oneOffCostPortfolioEntryCost03010","oneOffCostPortfolioEntryCostAcquired03015","oneOffCostPortfolioExitCostAtRhp03020","oneOffCostPortfolioExitCostAt1Year03030","oneOffCostPortfolioExitCostAtHalfRhp03040","oneOffCostsPortfolioSlidingExitCostIndicator03050","ongoingCostsPortfolioOtherCosts03060","ongoingCostsPortfolioTransactionCosts03080","incidentalCostsPortfolioPerformanceFees03095","incidentalCostsPortfolioCarriedInterest03105","ongoingCostsPortfolioOtherCostsUcits05050","ongoingCostsPortfolioTransactionCostsUcits05060","transactionsCostsMethodology05065","incidentalCostsPortfolioPerformanceFeesUcits05070","incidentalCostsPortfolioCarriedInterestUcits05080","flag","datasource","errordescription","createdate"],
		"url":"eptcostandchargespagination","tableName":"EPT_COST_AND_CHARGES"},
   {"tableHeader":["ISIN","Portfolio_PRIIPS_Category_00080","01020_Portfolio_VEV_Reference","01030_IS_Flexible","01040_Flex_VEV_Historical","01050_Flex_VEV_Ref_Asset_Allocation","IS_Risk_Limit_Relevant_01060","Flex_VEV_Risk_Limit_01070","Existing_Credit_Risk_01080","01090_SRI","01100_MRM","01110_CRM","Liquidity_Risk_01140","02010_Portfolio_return_unfavorable_scenario_1_year","02020_Portfolio_return_unfavorable_scenario_half_RHP","02030_Portfolio_return_unfavorable_scenario_RHP","02040_Portfolio_return_moderate_scenario_1_year","02050_Portfolio_return_moderate_scenario_half_RHP","02060_Portfolio_return_moderate_scenario_RHP","02070_Portfolio_return_favorable_scenario_1_year","02080_Portfolio_return_favorable_scenario_half_RHP","02090_Portfolio_return favorable scenario RHP","02100_Portfolio_return_stress_scenario_1_year","02110_Portfolio_return_stress_scenario_half_RHP","02120_Portfolio_return_stress_scenario RHP","02130_Portfolio_number_of_observed_return_M0","02140_Portfolio_mean_observed_returns_M1","02150_Portfolio_observed_Sigma","02160_Portfolio_observed_Skewness","02170_Portfolio_observed_Excess_Kurtosis","02180_Portfolio_observed_Stressed_Volatility","05030_Portfolio_UCITS_SRRI","05040_Portfolio_UCITS_Vol","Annualized_Return_Volatility_06020","DataSource","ErrorDescription","CreateDate"],
   		"tablebody":["isin","portfolioPriipsCategory00080","portfolioVevReference01020","isFlexible01030","flexVevHistorical01040","flexVevRefAssetAllocation01050","isRiskLimitRelevant01060","flexVevRiskLimit01070","existingCreditRisk01080","sri01090","mrm01100","crm01110","liquidityRisk01140","portfolioReturnUnfavorableCcenario1year02010","portfolioReturnUnfavorableScenarioHalfRhp02020","portfolioReturnUnfavorableScenarioRhp02030","portfolioReturnModerateScenario1Year02040","portfolioReturnModerateScenarioHalfRhp02050","portfolioReturnModerateScenarioRhp02060","portfolioReturnFavorableScenario1Year02070","portfolioReturnFavorableScenarioHalfRhp02080","portfolioReturnFavorableScenarioRhp02090","portfolioReturnStressScenario1Year02100","portfolioReturnStressScenarioHalfRhp02110","portfolioReturnStressScenarioRhp02120","portfolioNumberOfObservedReturnM002130","portfolioMeanObservedReturnsM102140","portfolioObservedSigma02150","portfolioObservedSkewness02160","portfoliObservedExcessKurtosis02170","portfolioObservedStressedVolatility02180","portfolioUcitsSrri05030","portfolioUcitsVol05040","annualizedReturnVolatility06020","datasource","errordescription","createdate"],
   		"url":"rreptperformancepagination","tableName":"RREPT_PERFORMANCE"},
   {"tableHeader":["ISIN","Fund_Code","Type_of_underlying_Investment_Option_04070","Comprehension_Alert_Portfolio_04020","Intended_target_market_retail_investor_Portfolio_04030","Investment_objective_Portfolio_04040"],
   		"tablebody":["isin","fundCode","typeOfUnderlyingInvestmentOption04070","comprehensionAlertPortfolio04020","intendedTargetMarketRetailInvestorPortfolio04030","investmentObjectivePortfolio04040"],
   		"url":"eptgtmpagination","tableName":"EPT_GTM"},
   {"tableHeader":["Sequence","ISIN","04050_Risk_narrative_Portfolio","04060_Other_materially_relevant_risk_narrative_Portfolio","04080_Capital_Guarantee","04081_Capital_Guarantee_Level","04082_Capital_Guarantee_Limitations","04083_Capital_Guarantee_Early_Exit_Conditions","04084_Capital_guarantee_Portfolio","04085_Possible_maximum_loss_Portfolio","04090_Portfolio_Performance_Fees_Narrative","04100_Portolio_Carried_Interest_Narrative","Flag","DataSource","ErrorDescription","CreateDate"],
		"tablebody":["sequence","isin","RiskNarrativePortfolio04050","otherMmateriallyRelevantRiskNarrativePortfolio04060","capitalGuarantee04080","capitalGuaranteeLevel04081","capitalGuaranteeLimitations04082","capitalGuaranteeEarlyExitConditions04083","capitalGuaranteePortfolio04084","possibleMaximumLossPortfolio04085","portfolioPerformanceFeesNarrative04090","portolioCarriedInterestNarrative04100","flag","datasource","errordescription","createdate"],
		"url":"eptriskdatapagination","tableName":"EPT_RISKDATA"},
   {"tableHeader":["Sequence","ISIN","11010_Share_price_date","11020_Share_price","11030_Share_price_currency","11040_Share_price_factor","11050_Distribution_value","11060_Share_split_factor","11070_Old_share_class_currency","11080_Exchange_rate_for_change_in_share_class_currency","11090_Old_Valuation_Frequency","Flag","DataSource","ErrorDescription","CreateDate"],
		"tablebody":["sequence","isin","sharePriceDate11010","sharePrice11020","capitalGuarantee04080","sharePriceCurrency11040","distributionValue11050","shareSplitFactor11060","oldShareClassCurrency11070","exchangeRateForChangeInShareClassCurrency11080","oldValuationFrequency11090","flag","datasource","errordescription","createdate"],
		"url":"eptpricehistorypagination","tableName":"EPT_PRICEHISTORY"},
   {"tableHeader":["ISIN","31030_HP_period_3","33010_Amount_period_1_unfavourable","33020_Amount_period_1_moderate","33030_Amount_period_1_favourable","33040_Amount_period_1_stress_scenario","33050_Amount_period_2_unfavourable","33060_Amount_period_2_moderate","33070_Amount_period_2_favourable","33080_Amount_period_2_stress_scenario","33090_Amount_period_3_unfavourable","33100_Amount_period_3_moderate","33110_Amount_period_3_favourable","33120_Amount_period_3_stress_scenario","33130_Average_return_period_1_unfavourable","33140_Average_return_period_1_moderate","33150_Average_return_period_1_favourable","33160_Average_return_period_1_stress_scenario","33170_Average_return_period_2_unfavourable","33180_Average_return_period_2_moderate","33190_Average_return_period_2_favourable","33200_Average_return_period_2_stress_scenario","33210_Average_return_period_3_unfavourable","33220_Average_return_period_3_moderate","33230_Average_return_period_3_favourable","33240_Average_return_period_3_stress_scenario","DataSource","ErrorDescription","CreateDate"],
		"tablebody":["isin","hpPeriod331030","amountPeriod1Unfavourable33010","amountPeriod1Moderate33020","amountPeriod1Favourable33030","amountPeriod1StressScenario33040","amountPeriod2Unfavourable33050","amountPeriod2moderate33060","amountPeriod2Favourable33070","amountPeriod2StressScenario33080","amountPeriod3Unfavourable33090","amountPeriod3Moderate33100","amountPeriod3Favourable33110","amountPeriod3StressScenario33120","averageReturnPeriod1Unfavourable33130","averageReturnPeriod1Moderate33140","averageReturnPeriod1Favourable33150","averageReturnPeriod1StressScenario33160","averageReturnPeriod2Unfavourable33170","averageReturnPeriod2Moderate33180","averageReturnPeriod2Favourable33190","averageReturnPeriod2StressScenario33200","averageReturnPeriod3Unfavourable33210","averageReturnPeriod3Moderate33220","averageReturnPeriod3Favourable33230","averageReturnPeriod3StressScenario33240","dataSource","errorDescription","createDate"],
		"url":"rreptceptperformancepagination","tableName":"RREPT_CEPT_PERFORMANCE"},
   {"tableHeader":["isin","dataSource","errorDescription","createDate"],
   		"tablebody":["isin","datasource","errordescription","createdate"],"url":"rremtshareclasspagination","tableName":"RREMT_ShareClass"},
   {"tableHeader":["ISIN","Portfolio_PRIIPS_Category_00080","01020_Portfolio_VEV_Reference","01030_IS_Flexible","01040_Flex_VEV_Historical","01050_Flex_VEV_Ref_Asset_Allocation","IS_Risk_Limit_Relevant_01060","Flex_VEV_Risk_Limit_01070","Existing_Credit_Risk_01080","01090_SRI","01100_MRM","01110_CRM","Liquidity_Risk_01140","02010_Portfolio_return_unfavorable_scenario_1_year","02020_Portfolio_return_unfavorable_scenario_half_RHP","02030_Portfolio_return_unfavorable_scenario_RHP","02040_Portfolio_return_moderate_scenario_1_year","02050_Portfolio_return_moderate_scenario_half_RHP","02060_Portfolio_return_moderate_scenario_RHP","02070_Portfolio_return_favorable_scenario_1_year","02080_Portfolio_return_favorable_scenario_half_RHP","02090_Portfolio_return favorable scenario RHP","02100_Portfolio_return_stress_scenario_1_year","02110_Portfolio_return_stress_scenario_half_RHP","02120_Portfolio_return_stress_scenario RHP","02130_Portfolio_number_of_observed_return_M0","02140_Portfolio_mean_observed_returns_M1","02150_Portfolio_observed_Sigma","02160_Portfolio_observed_Skewness","02170_Portfolio_observed_Excess_Kurtosis","02180_Portfolio_observed_Stressed_Volatility","05030_Portfolio_UCITS_SRRI","05040_Portfolio_UCITS_Vol","Annualized_Return_Volatility_06020","DataSource","ErrorDescription","CreateDate"],
   		"tablebody":["isin","portfolioPriipsCategory00080","portfolioVevReference01020","isFlexible01030","flexVevHistorical01040","flexVevRefAssetAllocation01050","isRiskLimitRelevant01060","flexVevRiskLimit01070","existingCreditRisk01080","sri01090","mrm01100","crm01110","liquidityRisk01140","portfolioReturnUnfavorableCcenario1year02010","portfolioReturnUnfavorableScenarioHalfRhp02020","portfolioReturnUnfavorableScenarioRhp02030","portfolioReturnModerateScenario1Year02040","portfolioReturnModerateScenarioHalfRhp02050","portfolioReturnModerateScenarioRhp02060","portfolioReturnFavorableScenario1Year02070","portfolioReturnFavorableScenarioHalfRhp02080","portfolioReturnFavorableScenarioRhp02090","portfolioReturnStressScenario1Year02100","portfolioReturnStressScenarioHalfRhp02110","portfolioReturnStressScenarioRhp02120","portfolioNumberOfObservedReturnM002130","portfolioMeanObservedReturnsM102140","portfolioObservedSigma02150","portfolioObservedSkewness02160","portfoliObservedExcessKurtosis02170","portfolioObservedStressedVolatility02180","portfolioUcitsSrri05030","portfolioUcitsVol05040","annualizedReturnVolatility06020","datasource","errordescription","createdate"],
   		"url":"rreptperformancepagination","tableName":"RREPT_Performance"},
   {"tableHeader":["00010_Financial_Instrument_Identifying_Data","00020_Type_Of_Identification_Code_For_The_Financial_Instrument","00030_Financial_Instrument_Name","00040_Financial_Instrument_Currency","00050_Reporting_Date","00060_Financial_Instrument_Legal_Structure","00070_Financial_Instrument_Issuer_Name","00080_Financial_Instrument_Guarantor_Name","00090_Product_Category_or_Nature","00100_Leveraged_Financial_Instrument_or_Contingent_Liability_Instrument","01010_Investor_Type_Retail","01020_Investor_Type_Professional","01030_Investor_Type_Eligible_Counterparty","02010_Basic_Investor","02020_Informed_Investor","02030_Advanced_Investor","02040_Expert_Investor_Germany","03010_No_Capital_Loss","03020_Limited_Capital_Loss","03030_Limited_Capital_Loss_Level","03040_No_Capital_Guarantee","03050_Loss_Beyond_Capital","04010_Risk_Tolerance_PRIIPS_Methodology","04020_Risk_Tolerance_UCITS_Metholodology","04030_Risk_Tolerance_Internal _Methodology_For_Non_PRIIPS_and_Non_UCITS","04040_Risk_Tolerance_For_Non_PRIIPS_and_Non_UCITS_Spain","04050_Not_For_Investors_With_The_Lowest_Risk_Tolerance_Germany","05010_Return_Profile_Preservation","05020_Return_Profile_Growth","05030_Return_Profile_Income","05040_Return_Profile_Hedging","05050_Option_or_Leveraged_Return_Profile","05060_Return_Profile_Other","05070_Return_Profile_Pension_Scheme_Germany","05080_Time_Horizon","05090_Maturity_Date","05100_May_Be_Terminated_Early","05110_Specific_Investment_Need","06010_Execution_Only","06020_Execution_With_Appropriateness_Test_Or_Non_Advised_Services","06030_Investment_Advice","06040_Portfolio_Management","07010_Structured_Securities_Quotation","07020_One-off_cost_Financial_Instrument_entry_cost","07030_One-off_cost_Financial_Instrument_maximum_entry_cost_fixed_amount_Italy","07040_One-off_cost_Financial_Instrument_maximum_entry_cost_acquired","07050_One-off_costs_Financial_Instrument_maximum_exit_cost","07060_One-off_costs_Financial_Instrument_maximum_exit_cost_fixed_amount_Italy","07070_One-off_costs_Financial_Instrument_maximum_exit_cost_acquired","07080_One-off_costs_Financial_Instrument_Typical_exit_cost","07090_Oneoff_cost_Financial_Instrument_exitcost_structured_securities_prior_RHP","07100_Financial_Instrument_Ongoing_costs","07110_Financial_Instrument_Management_fee","07120_Financial_Instrument_Distribution_fee","07130_Financial_Instrument_Transaction_costs_ex_ante","07140_Financial_Instrument_Incidental_costs_ex_ante","08010_One-off_cost_Structured_Securities_entry_cost_ex_post","08020_One-off_costs_Structured_Securities_exit_cost_ex_post","08030_Financial_Instrument_Ongoing_costs_ex_post","08040_Structured_Securities_Ongoing_costs_ex_post_accumulated","08050_Financial_Instrument_Management_fee_ex_post","08060_Financial_Instrument_Distribution_fee_ex_post","08070_Financial_Instrument_Transaction_costs_ex_post","08080_Financial_Instrument_Incidental_costs_ex_post","08090_Beginning_Of_Calculation_Period","08100_End_Of_Calculation_Period","Flag","DataSource","ErrorDescription","CreateDate"],
		"tablebody":["financialInstrumentIdentifyingData00010","typeOfIdentificationCodeForTheFinancialInstrument00020","financialInstrumentName00030","financialInstrumentCurrency00040","reportingDate00050","financialInstrumentLegalStructure00060","financialInstrumentIssuerName00070","financialInstrumentGuarantorName00080","productCategoryorNature00090","leveragedFinancialInstrumentorContingentLiabilityInstrument00100","investorTypeRetail01010","investorTypeProfessional01020","investorTypeEligibleCounterparty01030","basicInvestor02010","informedInvestor02020","advancedInvestor02030","expertInvestorGermany02040","noCapitalLoss03010","limitedCapitalLoss03020","limitedCapitalLossLevel03030","noCapitalGuarantee03040","lossBeyondCapital03050","riskTolerancePRIIPSMethodology04010","riskToleranceUCITSMetholodology04020","riskToleranceInternalMethodologyForNonPRIIPSandNonUCITS04030","riskToleranceForNonPRIIPSandNonUCITSSpain04040","notForInvestorsWithTheLowestRiskToleranceGermany04050","returnProfilePreservation05010","returnProfileGrowth05020","returnProfileIncome05030","returnProfileHedging05040","optionorLeveragedReturnProfile05050","returnProfileOther05060","ReturnProfilePensionSchemeGermany05070","timeHorizon05080","maturityDate05090","mayBeTerminatedEarly05100","specificInvestmentNeed05110","executionOnly06010","executionWithAppropriatenessTestOrNonAdvisedServices06020","investmentAdvice06030","portfolioManagement06040","structuredSecuritiesQuotation07010","oneOffcostFinancialInstrumententrycost07020","oneOffcostFinancialInstrumentmaximumentrycostfixedamountItaly07030","oneOffcostFinancialInstrumentmaximumentrycostacquired07040","oneOffcostsFinancialInstrumentmaximumexitcost07050","oneOffcostsFinancialInstrumentmaximumexitcostfixedamountItaly07060","oneOffcostsFinancialInstrumentmaximumexitcostacquired07070","oneOffcostsFinancialInstrumentTypicalexitcost07080","oneoffcostFinancialInstrumentexitcoststructuredsecuritiespriorRHP07090","financialInstrumentOngoingcosts07100","financialInstrumentManagementfee07110","financialInstrumentDistributionfee07120","financialInstrumentTransactioncostsexante07130","financialInstrumentIncidentalcostsexante07140","oneOffcostStructuredSecuritiesentrycostexpost08010","oneOffcostsStructuredSecuritiesexitcostexpost08020","financialInstrumentOngoingcostsexpost08030","structuredSecuritiesOngoingcostsexpostaccumulated08040","financialInstrumentManagementfeeexpost08050","financialInstrumentDistributionfeeexpost08060","financialInstrumentTransactioncostsexpost08070","financialInstrumentIncidentalcostsexpost08080","beginningOfCalculationPeriod08090","endOfCalculationPeriod08100","flag","dataSource","errorDescription","createDate"],
		"url":"emtcostandchargespagination","tableName":"EMT_CostAndCharges"},
   {"tableHeader":["ISIN","02010_Aggregation_Of_Transaction_Costs","02020_Transaction _Costs_For_Buy_And_Sell_Transactions","02030_Transaction _Costs_For_Lending_And_Borrowing_Transactions","03010_Administration_Charges","04010_Portfolio_Turnover_Rate","Flag","DataSource","ErrorDescription","CreateDate"],
	"tablebody":["isin","aggregationOfTransactionCosts02010","transactionCostsForBuyAndSellTransactions02020","transactionCostsForLendingAndBorrowingTransactions02030","administrationCharges03010","portfolioTurnoverRate04010","flag","datasource","errorDescription","createdate"],
	"url":"dwpcostandchargespagination", "tableName":"DWP_CostAndCharges"},
	{"tableHeader":["ISIN","01010_Percentage_Not_Obtained","01020_Categories_Not_Obtained","01030_Transaction_Costs_Methodology","01040_Reason_Not_Obtained","02040_Explicit_Transaction _Taxes","02050_Explicit_Fees_And_Charges","02060_Implicit_Costs","02070_Indirect_Transaction_Costs","02080_Anti_Dilution_Offset","02090_Securities_Lending_And_Borrowing_Costs","03020_Costs_Other_Than_Transaction_Costs","04020_Proportion_Of_Securities_Loaned_Or_Borrowed","Major_Minor_01050","DataSource","ErrorDescription","CreateDate"],
	"tablebody":["isin","percentageNotObtained01010","categoriesNotObtained01020","transactionCostsMethodology01030","reasonNotObtained01040","explicitTransactionTaxes02040","explicitFeesAndCharges0250","implicitCosts02060","indirectTransactionCosts02070","antiDilutionOffset02080","securitiesLendingAndBorrowingCosts02090","costsOtherThanTransactionCosts03020","proportionOfSecuritiesLoanedOrBorrowed04020","majorMinor010500","datasource","errorDescription","createdate"],
	"url":"rrdwpshareclasspagination", "tableName":"RRDWP_SHARECLASS"},
	{"tableHeader":["ISIN","01010_Date_Of_Price","01020_Time_Of_Price","01030_Fair_Value_Mid_Price","DataSource","ErrorDescription","CreateDate"],	"tablebody":["isin","dateOfPrice01010","timeOfPrice01020","fairValueMidPrice01030","datasource","errorDescription","createdate"],	"url":"rrfvptmidpricepagination", "tableName":"RRFVPT_MidPrice"}
]